ID,absolute_clone_path,local_clone_path,source
_Luc_/hand_control,/home/ivano/Documents/ROS_CMU/October_2020_repos/cloned_repos/_Luc______hand_control,./cloned_repos/_Luc______hand_control,bitbucket
aau-ros/aau_multi_robot,/home/ivano/Documents/ROS_CMU/October_2020_repos/cloned_repos/aau-ros_____aau_multi_robot,./cloned_repos/aau-ros_____aau_multi_robot,github
acl-mit/rvo_path_planner,/home/ivano/Documents/ROS_CMU/October_2020_repos/cloned_repos/acl-mit_____rvo_path_planner,./cloned_repos/acl-mit_____rvo_path_planner,bitbucket
ahornung/humanoid_navigation,/home/ivano/Documents/ROS_CMU/October_2020_repos/cloned_repos/ahornung_____humanoid_navigation,./cloned_repos/ahornung_____humanoid_navigation,github
airalab/robonomics_comm,/home/ivano/Documents/ROS_CMU/October_2020_repos/cloned_repos/airalab_____robonomics_comm,./cloned_repos/airalab_____robonomics_comm,github
AIS-Bonn/nimbro_network,/home/ivano/Documents/ROS_CMU/October_2020_repos/cloned_repos/AIS-Bonn_____nimbro_network,./cloned_repos/AIS-Bonn_____nimbro_network,github
AndyZe/pid,/home/ivano/Documents/ROS_CMU/October_2020_repos/cloned_repos/AndyZe_____pid,./cloned_repos/AndyZe_____pid,bitbucket
autonohm/ohm_tsd_slam,/home/ivano/Documents/ROS_CMU/October_2020_repos/cloned_repos/autonohm_____ohm_tsd_slam,./cloned_repos/autonohm_____ohm_tsd_slam,github
AUV-IITK/Anahita,/home/ivano/Documents/ROS_CMU/October_2020_repos/cloned_repos/AUV-IITK_____Anahita,./cloned_repos/AUV-IITK_____Anahita,github
AUV-IITK/Varun-Software,/home/ivano/Documents/ROS_CMU/October_2020_repos/cloned_repos/AUV-IITK_____Varun-Software,./cloned_repos/AUV-IITK_____Varun-Software,github
bayesian-object-tracking/dbot_ros,/home/ivano/Documents/ROS_CMU/October_2020_repos/cloned_repos/bayesian-object-tracking_____dbot_ros,./cloned_repos/bayesian-object-tracking_____dbot_ros,github
bcharrow/scarab,/home/ivano/Documents/ROS_CMU/October_2020_repos/cloned_repos/bcharrow_____scarab,./cloned_repos/bcharrow_____scarab,github
BCLab-UNM/SwarmBaseCode-ROS,/home/ivano/Documents/ROS_CMU/October_2020_repos/cloned_repos/BCLab-UNM_____SwarmBaseCode-ROS,./cloned_repos/BCLab-UNM_____SwarmBaseCode-ROS,github
berkeleyopenarms/blue_core,/home/ivano/Documents/ROS_CMU/October_2020_repos/cloned_repos/berkeleyopenarms_____blue_core,./cloned_repos/berkeleyopenarms_____blue_core,github
Bichette09/imaginarium,/home/ivano/Documents/ROS_CMU/October_2020_repos/cloned_repos/Bichette09_____imaginarium,./cloned_repos/Bichette09_____imaginarium,github
billieblaze/ROS_Rover_addons,/home/ivano/Documents/ROS_CMU/October_2020_repos/cloned_repos/billieblaze_____ROS_Rover_addons,./cloned_repos/billieblaze_____ROS_Rover_addons,github
bk8190/bk-ros,/home/ivano/Documents/ROS_CMU/October_2020_repos/cloned_repos/bk8190_____bk-ros,./cloned_repos/bk8190_____bk-ros,github
byu-magicc/roscopter,/home/ivano/Documents/ROS_CMU/October_2020_repos/cloned_repos/byu-magicc_____roscopter,./cloned_repos/byu-magicc_____roscopter,github
CalPolyRobotics/IGVC-ROS,/home/ivano/Documents/ROS_CMU/October_2020_repos/cloned_repos/CalPolyRobotics_____IGVC-ROS,./cloned_repos/CalPolyRobotics_____IGVC-ROS,github
cbandera/rosparam_handler,/home/ivano/Documents/ROS_CMU/October_2020_repos/cloned_repos/cbandera_____rosparam_handler,./cloned_repos/cbandera_____rosparam_handler,github
cedricpradalier/ros_task_manager,/home/ivano/Documents/ROS_CMU/October_2020_repos/cloned_repos/cedricpradalier_____ros_task_manager,./cloned_repos/cedricpradalier_____ros_task_manager,github
chrisl8/ArloBot,/home/ivano/Documents/ROS_CMU/October_2020_repos/cloned_repos/chrisl8_____ArloBot,./cloned_repos/chrisl8_____ArloBot,github
CopterExpress/clever,/home/ivano/Documents/ROS_CMU/October_2020_repos/cloned_repos/CopterExpress_____clever,./cloned_repos/CopterExpress_____clever,github
corobotics/corobot-kinetic,/home/ivano/Documents/ROS_CMU/October_2020_repos/cloned_repos/corobotics_____corobot-kinetic,./cloned_repos/corobotics_____corobot-kinetic,github
corot/world_canvas,/home/ivano/Documents/ROS_CMU/October_2020_repos/cloned_repos/corot_____world_canvas,./cloned_repos/corot_____world_canvas,github
cpaxton/costar_stack,/home/ivano/Documents/ROS_CMU/October_2020_repos/cloned_repos/cpaxton_____costar_stack,./cloned_repos/cpaxton_____costar_stack,github
craftit/DogBotSoftware,/home/ivano/Documents/ROS_CMU/October_2020_repos/cloned_repos/craftit_____DogBotSoftware,./cloned_repos/craftit_____DogBotSoftware,github
dfki-ric/mir_robot,/home/ivano/Documents/ROS_CMU/October_2020_repos/cloned_repos/dfki-ric_____mir_robot,./cloned_repos/dfki-ric_____mir_robot,github
doosan-robotics/doosan-robot,/home/ivano/Documents/ROS_CMU/October_2020_repos/cloned_repos/doosan-robotics_____doosan-robot,./cloned_repos/doosan-robotics_____doosan-robot,github
DrawZeroPoint/drv_package_v2,/home/ivano/Documents/ROS_CMU/October_2020_repos/cloned_repos/DrawZeroPoint_____drv_package_v2,./cloned_repos/DrawZeroPoint_____drv_package_v2,github
dynMapMaster/mir_layered_costmap,/home/ivano/Documents/ROS_CMU/October_2020_repos/cloned_repos/dynMapMaster_____mir_layered_costmap,./cloned_repos/dynMapMaster_____mir_layered_costmap,github
eborghi10/my_ROS_mobile_robot,/home/ivano/Documents/ROS_CMU/October_2020_repos/cloned_repos/eborghi10_____my_ROS_mobile_robot,./cloned_repos/eborghi10_____my_ROS_mobile_robot,github
ekumenlabs/tangobot,/home/ivano/Documents/ROS_CMU/October_2020_repos/cloned_repos/ekumenlabs_____tangobot,./cloned_repos/ekumenlabs_____tangobot,github
elggem/tensorflow_node,/home/ivano/Documents/ROS_CMU/October_2020_repos/cloned_repos/elggem_____tensorflow_node,./cloned_repos/elggem_____tensorflow_node,github
elpimous/Neo_robot,/home/ivano/Documents/ROS_CMU/October_2020_repos/cloned_repos/elpimous_____Neo_robot,./cloned_repos/elpimous_____Neo_robot,github
EndPointCorp/lg_ros_nodes,/home/ivano/Documents/ROS_CMU/October_2020_repos/cloned_repos/EndPointCorp_____lg_ros_nodes,./cloned_repos/EndPointCorp_____lg_ros_nodes,github
enesdemirag/point-cloud-filters,/home/ivano/Documents/ROS_CMU/October_2020_repos/cloned_repos/enesdemirag_____point-cloud-filters,./cloned_repos/enesdemirag_____point-cloud-filters,github
ethz-asl/asctec_mav_framework,/home/ivano/Documents/ROS_CMU/October_2020_repos/cloned_repos/ethz-asl_____asctec_mav_framework,./cloned_repos/ethz-asl_____asctec_mav_framework,github
ethz-asl/cuckoo_time_translator,/home/ivano/Documents/ROS_CMU/October_2020_repos/cloned_repos/ethz-asl_____cuckoo_time_translator,./cloned_repos/ethz-asl_____cuckoo_time_translator,github
ethz-asl/ethzasl_ptam,/home/ivano/Documents/ROS_CMU/October_2020_repos/cloned_repos/ethz-asl_____ethzasl_ptam,./cloned_repos/ethz-asl_____ethzasl_ptam,github
evocortex/optris_drivers,/home/ivano/Documents/ROS_CMU/October_2020_repos/cloned_repos/evocortex_____optris_drivers,./cloned_repos/evocortex_____optris_drivers,github
FedericoPecora/coordination_oru_ros,/home/ivano/Documents/ROS_CMU/October_2020_repos/cloned_repos/FedericoPecora_____coordination_oru_ros,./cloned_repos/FedericoPecora_____coordination_oru_ros,github
felix-kolbe/uashh-rvl-ros-pkg,/home/ivano/Documents/ROS_CMU/October_2020_repos/cloned_repos/felix-kolbe_____uashh-rvl-ros-pkg,./cloned_repos/felix-kolbe_____uashh-rvl-ros-pkg,github
felixendres/rgbdslam_v2,/home/ivano/Documents/ROS_CMU/October_2020_repos/cloned_repos/felixendres_____rgbdslam_v2,./cloned_repos/felixendres_____rgbdslam_v2,github
fetchrobotics/fetch_robots,/home/ivano/Documents/ROS_CMU/October_2020_repos/cloned_repos/fetchrobotics_____fetch_robots,./cloned_repos/fetchrobotics_____fetch_robots,github
fetchrobotics/fetch_ros,/home/ivano/Documents/ROS_CMU/October_2020_repos/cloned_repos/fetchrobotics_____fetch_ros,./cloned_repos/fetchrobotics_____fetch_ros,github
Flos/ros-image_cloud,/home/ivano/Documents/ROS_CMU/October_2020_repos/cloned_repos/Flos_____ros-image_cloud,./cloned_repos/Flos_____ros-image_cloud,github
g/grizzly,/home/ivano/Documents/ROS_CMU/October_2020_repos/cloned_repos/g_____grizzly,./cloned_repos/g_____grizzly,github
GigaFlopsis/rc_car_ros,/home/ivano/Documents/ROS_CMU/October_2020_repos/cloned_repos/GigaFlopsis_____rc_car_ros,./cloned_repos/GigaFlopsis_____rc_car_ros,github
grassjelly/onine,/home/ivano/Documents/ROS_CMU/October_2020_repos/cloned_repos/grassjelly_____onine,./cloned_repos/grassjelly_____onine,github
gribot-robotics/gribot_ros,/home/ivano/Documents/ROS_CMU/October_2020_repos/cloned_repos/gribot-robotics_____gribot_ros,./cloned_repos/gribot-robotics_____gribot_ros,github
guiche/rosebot_description,/home/ivano/Documents/ROS_CMU/October_2020_repos/cloned_repos/guiche_____rosebot_description,./cloned_repos/guiche_____rosebot_description,bitbucket
HJReachability/fastrack,/home/ivano/Documents/ROS_CMU/October_2020_repos/cloned_repos/HJReachability_____fastrack,./cloned_repos/HJReachability_____fastrack,github
husky/husky_robot,/home/ivano/Documents/ROS_CMU/October_2020_repos/cloned_repos/husky_____husky_robot,./cloned_repos/husky_____husky_robot,github
ildoonet/tf-pose-estimation,/home/ivano/Documents/ROS_CMU/October_2020_repos/cloned_repos/ildoonet_____tf-pose-estimation,./cloned_repos/ildoonet_____tf-pose-estimation,github
informatik-mannheim/akrobat,/home/ivano/Documents/ROS_CMU/October_2020_repos/cloned_repos/informatik-mannheim_____akrobat,./cloned_repos/informatik-mannheim_____akrobat,github
internationalauto/auto_guidance,/home/ivano/Documents/ROS_CMU/October_2020_repos/cloned_repos/internationalauto_____auto_guidance,./cloned_repos/internationalauto_____auto_guidance,bitbucket
ipa320/schunk_robots,/home/ivano/Documents/ROS_CMU/October_2020_repos/cloned_repos/ipa320_____schunk_robots,./cloned_repos/ipa320_____schunk_robots,github
iscumd/Yeti2018,/home/ivano/Documents/ROS_CMU/October_2020_repos/cloned_repos/iscumd_____Yeti2018,./cloned_repos/iscumd_____Yeti2018,github
jackal/jackal,/home/ivano/Documents/ROS_CMU/October_2020_repos/cloned_repos/jackal_____jackal,./cloned_repos/jackal_____jackal,github
jackal/jackal_robot,/home/ivano/Documents/ROS_CMU/October_2020_repos/cloned_repos/jackal_____jackal_robot,./cloned_repos/jackal_____jackal_robot,github
jakeware/global_mapper,/home/ivano/Documents/ROS_CMU/October_2020_repos/cloned_repos/jakeware_____global_mapper,./cloned_repos/jakeware_____global_mapper,github
jbohren-forks/pr2_doors,/home/ivano/Documents/ROS_CMU/October_2020_repos/cloned_repos/jbohren-forks_____pr2_doors,./cloned_repos/jbohren-forks_____pr2_doors,github
JHS-ARCC-Club/jetson_car,/home/ivano/Documents/ROS_CMU/October_2020_repos/cloned_repos/JHS-ARCC-Club_____jetson_car,./cloned_repos/JHS-ARCC-Club_____jetson_car,github
jhu-asco/aerial_autonomy,/home/ivano/Documents/ROS_CMU/October_2020_repos/cloned_repos/jhu-asco_____aerial_autonomy,./cloned_repos/jhu-asco_____aerial_autonomy,github
jhu-lcsr/sp_segmenter,/home/ivano/Documents/ROS_CMU/October_2020_repos/cloned_repos/jhu-lcsr_____sp_segmenter,./cloned_repos/jhu-lcsr_____sp_segmenter,github
jitrc/eklavya-ros-pkg,/home/ivano/Documents/ROS_CMU/October_2020_repos/cloned_repos/jitrc_____eklavya-ros-pkg,./cloned_repos/jitrc_____eklavya-ros-pkg,github
jnez71/lqRRT,/home/ivano/Documents/ROS_CMU/October_2020_repos/cloned_repos/jnez71_____lqRRT,./cloned_repos/jnez71_____lqRRT,github
jsk-ros-pkg/jsk_common,/home/ivano/Documents/ROS_CMU/October_2020_repos/cloned_repos/jsk-ros-pkg_____jsk_common,./cloned_repos/jsk-ros-pkg_____jsk_common,github
jsk-ros-pkg/jsk_control,/home/ivano/Documents/ROS_CMU/October_2020_repos/cloned_repos/jsk-ros-pkg_____jsk_control,./cloned_repos/jsk-ros-pkg_____jsk_control,github
jsk-ros-pkg/jsk_planning,/home/ivano/Documents/ROS_CMU/October_2020_repos/cloned_repos/jsk-ros-pkg_____jsk_planning,./cloned_repos/jsk-ros-pkg_____jsk_planning,github
jsk-ros-pkg/jsk_pr2eus,/home/ivano/Documents/ROS_CMU/October_2020_repos/cloned_repos/jsk-ros-pkg_____jsk_pr2eus,./cloned_repos/jsk-ros-pkg_____jsk_pr2eus,github
jsk-ros-pkg/jsk_recognition,/home/ivano/Documents/ROS_CMU/October_2020_repos/cloned_repos/jsk-ros-pkg_____jsk_recognition,./cloned_repos/jsk-ros-pkg_____jsk_recognition,github
jsk-ros-pkg/jsk_robot,/home/ivano/Documents/ROS_CMU/October_2020_repos/cloned_repos/jsk-ros-pkg_____jsk_robot,./cloned_repos/jsk-ros-pkg_____jsk_robot,github
jsk-ros-pkg/jsk_roseus,/home/ivano/Documents/ROS_CMU/October_2020_repos/cloned_repos/jsk-ros-pkg_____jsk_roseus,./cloned_repos/jsk-ros-pkg_____jsk_roseus,github
jsk-ros-pkg/jsk_visualization,/home/ivano/Documents/ROS_CMU/October_2020_repos/cloned_repos/jsk-ros-pkg_____jsk_visualization,./cloned_repos/jsk-ros-pkg_____jsk_visualization,github
jsk-ros-pkg/openrave_planning,/home/ivano/Documents/ROS_CMU/October_2020_repos/cloned_repos/jsk-ros-pkg_____openrave_planning,./cloned_repos/jsk-ros-pkg_____openrave_planning,github
kalakris/stomp,/home/ivano/Documents/ROS_CMU/October_2020_repos/cloned_repos/kalakris_____stomp,./cloned_repos/kalakris_____stomp,github
Kinovarobotics/kinova-ros,/home/ivano/Documents/ROS_CMU/October_2020_repos/cloned_repos/Kinovarobotics_____kinova-ros,./cloned_repos/Kinovarobotics_____kinova-ros,github
knowrob/knowrob,/home/ivano/Documents/ROS_CMU/October_2020_repos/cloned_repos/knowrob_____knowrob,./cloned_repos/knowrob_____knowrob,github
kucars/haptic_teleoperation,/home/ivano/Documents/ROS_CMU/October_2020_repos/cloned_repos/kucars_____haptic_teleoperation,./cloned_repos/kucars_____haptic_teleoperation,github
kuka-isir/cart_opt_ctrl,/home/ivano/Documents/ROS_CMU/October_2020_repos/cloned_repos/kuka-isir_____cart_opt_ctrl,./cloned_repos/kuka-isir_____cart_opt_ctrl,github
laas/hueblob,/home/ivano/Documents/ROS_CMU/October_2020_repos/cloned_repos/laas_____hueblob,./cloned_repos/laas_____hueblob,github
laboshinl/loam_velodyne,/home/ivano/Documents/ROS_CMU/October_2020_repos/cloned_repos/laboshinl_____loam_velodyne,./cloned_repos/laboshinl_____loam_velodyne,github
leonard-lab/dcslROS,/home/ivano/Documents/ROS_CMU/October_2020_repos/cloned_repos/leonard-lab_____dcslROS,./cloned_repos/leonard-lab_____dcslROS,github
lfermin77/Incremental_DuDe_ROS,/home/ivano/Documents/ROS_CMU/October_2020_repos/cloned_repos/lfermin77_____Incremental_DuDe_ROS,./cloned_repos/lfermin77_____Incremental_DuDe_ROS,github
LGD-Fr/hand_control,/home/ivano/Documents/ROS_CMU/October_2020_repos/cloned_repos/LGD-Fr_____hand_control,./cloned_repos/LGD-Fr_____hand_control,github
linorobot/linorobot,/home/ivano/Documents/ROS_CMU/October_2020_repos/cloned_repos/linorobot_____linorobot,./cloned_repos/linorobot_____linorobot,github
lucasw/imgui_ros,/home/ivano/Documents/ROS_CMU/October_2020_repos/cloned_repos/lucasw_____imgui_ros,./cloned_repos/lucasw_____imgui_ros,github
MalcolmMielle/Auto-Complete-Graph,/home/ivano/Documents/ROS_CMU/October_2020_repos/cloned_repos/MalcolmMielle_____Auto-Complete-Graph,./cloned_repos/MalcolmMielle_____Auto-Complete-Graph,github
markusk/minibot,/home/ivano/Documents/ROS_CMU/October_2020_repos/cloned_repos/markusk_____minibot,./cloned_repos/markusk_____minibot,github
mavlink/mavros,/home/ivano/Documents/ROS_CMU/October_2020_repos/cloned_repos/mavlink_____mavros,./cloned_repos/mavlink_____mavros,github
mdalal2020/sawyer_control,/home/ivano/Documents/ROS_CMU/October_2020_repos/cloned_repos/mdalal2020_____sawyer_control,./cloned_repos/mdalal2020_____sawyer_control,github
muralivnv/asl_gremlin_pkg,/home/ivano/Documents/ROS_CMU/October_2020_repos/cloned_repos/muralivnv_____asl_gremlin_pkg,./cloned_repos/muralivnv_____asl_gremlin_pkg,github
Nishida-Lab/forest_robot_project,/home/ivano/Documents/ROS_CMU/October_2020_repos/cloned_repos/Nishida-Lab_____forest_robot_project,./cloned_repos/Nishida-Lab_____forest_robot_project,github
Nsteel/Apollo_13,/home/ivano/Documents/ROS_CMU/October_2020_repos/cloned_repos/Nsteel_____Apollo_13,./cloned_repos/Nsteel_____Apollo_13,github
olin-robotic-sailing/oars-roboboat,/home/ivano/Documents/ROS_CMU/October_2020_repos/cloned_repos/olin-robotic-sailing_____oars-roboboat,./cloned_repos/olin-robotic-sailing_____oars-roboboat,github
omwdunkley/crazyflieROS,/home/ivano/Documents/ROS_CMU/October_2020_repos/cloned_repos/omwdunkley_____crazyflieROS,./cloned_repos/omwdunkley_____crazyflieROS,github
opencog/ghost_bridge,/home/ivano/Documents/ROS_CMU/October_2020_repos/cloned_repos/opencog_____ghost_bridge,./cloned_repos/opencog_____ghost_bridge,github
OrebroUniversity/yumi,/home/ivano/Documents/ROS_CMU/October_2020_repos/cloned_repos/OrebroUniversity_____yumi,./cloned_repos/OrebroUniversity_____yumi,github
OSUrobotics/ros-3d-interaction,/home/ivano/Documents/ROS_CMU/October_2020_repos/cloned_repos/OSUrobotics_____ros-3d-interaction,./cloned_repos/OSUrobotics_____ros-3d-interaction,github
OUXT-Polaris/robotx_core,/home/ivano/Documents/ROS_CMU/October_2020_repos/cloned_repos/OUXT-Polaris_____robotx_core,./cloned_repos/OUXT-Polaris_____robotx_core,github
OUXT-Polaris/robotx_packages,/home/ivano/Documents/ROS_CMU/October_2020_repos/cloned_repos/OUXT-Polaris_____robotx_packages,./cloned_repos/OUXT-Polaris_____robotx_packages,github
pal-robotics/perception_blort,/home/ivano/Documents/ROS_CMU/October_2020_repos/cloned_repos/pal-robotics_____perception_blort,./cloned_repos/pal-robotics_____perception_blort,github
pal-robotics/reemc_robot,/home/ivano/Documents/ROS_CMU/October_2020_repos/cloned_repos/pal-robotics_____reemc_robot,./cloned_repos/pal-robotics_____reemc_robot,github
pandora-auth-ros-pkg/pandora_ros_pkgs,/home/ivano/Documents/ROS_CMU/October_2020_repos/cloned_repos/pandora-auth-ros-pkg_____pandora_ros_pkgs,./cloned_repos/pandora-auth-ros-pkg_____pandora_ros_pkgs,github
Pankaj-Baranwal/pocketsphinx,/home/ivano/Documents/ROS_CMU/October_2020_repos/cloned_repos/Pankaj-Baranwal_____pocketsphinx,./cloned_repos/Pankaj-Baranwal_____pocketsphinx,github
pantor/ros-control-center,/home/ivano/Documents/ROS_CMU/October_2020_repos/cloned_repos/pantor_____ros-control-center,./cloned_repos/pantor_____ros-control-center,github
pbouffard/ccny-ros-pkg-pbouffard,/home/ivano/Documents/ROS_CMU/October_2020_repos/cloned_repos/pbouffard_____ccny-ros-pkg-pbouffard,./cloned_repos/pbouffard_____ccny-ros-pkg-pbouffard,github
PDuckworth/activity_analysis,/home/ivano/Documents/ROS_CMU/October_2020_repos/cloned_repos/PDuckworth_____activity_analysis,./cloned_repos/PDuckworth_____activity_analysis,github
PilzDE/pilz_industrial_motion,/home/ivano/Documents/ROS_CMU/October_2020_repos/cloned_repos/PilzDE_____pilz_industrial_motion,./cloned_repos/PilzDE_____pilz_industrial_motion,github
PilzDE/pilz_robots,/home/ivano/Documents/ROS_CMU/October_2020_repos/cloned_repos/PilzDE_____pilz_robots,./cloned_repos/PilzDE_____pilz_robots,github
PINTO0309/zumo32u4,/home/ivano/Documents/ROS_CMU/October_2020_repos/cloned_repos/PINTO0309_____zumo32u4,./cloned_repos/PINTO0309_____zumo32u4,github
Pitt-RAS/iarc7_vision,/home/ivano/Documents/ROS_CMU/October_2020_repos/cloned_repos/Pitt-RAS_____iarc7_vision,./cloned_repos/Pitt-RAS_____iarc7_vision,github
PR2/pr2_apps,/home/ivano/Documents/ROS_CMU/October_2020_repos/cloned_repos/PR2_____pr2_apps,./cloned_repos/PR2_____pr2_apps,github
PR2/pr2_common_actions,/home/ivano/Documents/ROS_CMU/October_2020_repos/cloned_repos/PR2_____pr2_common_actions,./cloned_repos/PR2_____pr2_common_actions,github
PR2/pr2_controllers,/home/ivano/Documents/ROS_CMU/October_2020_repos/cloned_repos/PR2_____pr2_controllers,./cloned_repos/PR2_____pr2_controllers,github
PR2/pr2_mechanism,/home/ivano/Documents/ROS_CMU/October_2020_repos/cloned_repos/PR2_____pr2_mechanism,./cloned_repos/PR2_____pr2_mechanism,github
PR2/pr2_navigation,/home/ivano/Documents/ROS_CMU/October_2020_repos/cloned_repos/PR2_____pr2_navigation,./cloned_repos/PR2_____pr2_navigation,github
PR2/pr2_plugs,/home/ivano/Documents/ROS_CMU/October_2020_repos/cloned_repos/PR2_____pr2_plugs,./cloned_repos/PR2_____pr2_plugs,github
PR2/pr2_robot,/home/ivano/Documents/ROS_CMU/October_2020_repos/cloned_repos/PR2_____pr2_robot,./cloned_repos/PR2_____pr2_robot,github
PR2/pr2_self_test,/home/ivano/Documents/ROS_CMU/October_2020_repos/cloned_repos/PR2_____pr2_self_test,./cloned_repos/PR2_____pr2_self_test,github
prajankya/AgriMapper,/home/ivano/Documents/ROS_CMU/October_2020_repos/cloned_repos/prajankya_____AgriMapper,./cloned_repos/prajankya_____AgriMapper,github
projectcosys/cosys-ros-pkg,/home/ivano/Documents/ROS_CMU/October_2020_repos/cloned_repos/projectcosys_____cosys-ros-pkg,./cloned_repos/projectcosys_____cosys-ros-pkg,bitbucket
PX4/px4_ros_com,/home/ivano/Documents/ROS_CMU/October_2020_repos/cloned_repos/PX4_____px4_ros_com,./cloned_repos/PX4_____px4_ros_com,github
RCPRG-ros-pkg/elektron_kinectbot,/home/ivano/Documents/ROS_CMU/October_2020_repos/cloned_repos/RCPRG-ros-pkg_____elektron_kinectbot,./cloned_repos/RCPRG-ros-pkg_____elektron_kinectbot,github
RCPRG-ros-pkg/elektron_robot,/home/ivano/Documents/ROS_CMU/October_2020_repos/cloned_repos/RCPRG-ros-pkg_____elektron_robot,./cloned_repos/RCPRG-ros-pkg_____elektron_robot,github
redbirdrobotics/ros_redbird_m7a,/home/ivano/Documents/ROS_CMU/October_2020_repos/cloned_repos/redbirdrobotics_____ros_redbird_m7a,./cloned_repos/redbirdrobotics_____ros_redbird_m7a,github
ridgeback/ridgeback,/home/ivano/Documents/ROS_CMU/October_2020_repos/cloned_repos/ridgeback_____ridgeback,./cloned_repos/ridgeback_____ridgeback,github
ridgeback/ridgeback_robot,/home/ivano/Documents/ROS_CMU/October_2020_repos/cloned_repos/ridgeback_____ridgeback_robot,./cloned_repos/ridgeback_____ridgeback_robot,github
RightHandRobotics/reflex-ros-pkg,/home/ivano/Documents/ROS_CMU/October_2020_repos/cloned_repos/RightHandRobotics_____reflex-ros-pkg,./cloned_repos/RightHandRobotics_____reflex-ros-pkg,github
RIVeR-Lab/wpi_jaco,/home/ivano/Documents/ROS_CMU/October_2020_repos/cloned_repos/RIVeR-Lab_____wpi_jaco,./cloned_repos/RIVeR-Lab_____wpi_jaco,github
roadnarrows-robotics/hekateros,/home/ivano/Documents/ROS_CMU/October_2020_repos/cloned_repos/roadnarrows-robotics_____hekateros,./cloned_repos/roadnarrows-robotics_____hekateros,github
robotics-upo/upo_robot_navigation,/home/ivano/Documents/ROS_CMU/October_2020_repos/cloned_repos/robotics-upo_____upo_robot_navigation,./cloned_repos/robotics-upo_____upo_robot_navigation,github
ros-aldebaran/romeo_robot,/home/ivano/Documents/ROS_CMU/October_2020_repos/cloned_repos/ros-aldebaran_____romeo_robot,./cloned_repos/ros-aldebaran_____romeo_robot,github
ros-controls/ros_controllers,/home/ivano/Documents/ROS_CMU/October_2020_repos/cloned_repos/ros-controls_____ros_controllers,./cloned_repos/ros-controls_____ros_controllers,github
ros-drivers/audio_common,/home/ivano/Documents/ROS_CMU/October_2020_repos/cloned_repos/ros-drivers_____audio_common,./cloned_repos/ros-drivers_____audio_common,github
ros-industrial-consortium/descartes,/home/ivano/Documents/ROS_CMU/October_2020_repos/cloned_repos/ros-industrial-consortium_____descartes,./cloned_repos/ros-industrial-consortium_____descartes,github
ros-industrial-consortium/trajopt_ros,/home/ivano/Documents/ROS_CMU/October_2020_repos/cloned_repos/ros-industrial-consortium_____trajopt_ros,./cloned_repos/ros-industrial-consortium_____trajopt_ros,github
ros-industrial/abb,/home/ivano/Documents/ROS_CMU/October_2020_repos/cloned_repos/ros-industrial_____abb,./cloned_repos/ros-industrial_____abb,github
ros-industrial/abb_experimental,/home/ivano/Documents/ROS_CMU/October_2020_repos/cloned_repos/ros-industrial_____abb_experimental,./cloned_repos/ros-industrial_____abb_experimental,github
ros-industrial/fanuc,/home/ivano/Documents/ROS_CMU/October_2020_repos/cloned_repos/ros-industrial_____fanuc,./cloned_repos/ros-industrial_____fanuc,github
ros-industrial/fanuc_experimental,/home/ivano/Documents/ROS_CMU/October_2020_repos/cloned_repos/ros-industrial_____fanuc_experimental,./cloned_repos/ros-industrial_____fanuc_experimental,github
ros-industrial/industrial_core,/home/ivano/Documents/ROS_CMU/October_2020_repos/cloned_repos/ros-industrial_____industrial_core,./cloned_repos/ros-industrial_____industrial_core,github
ros-industrial/industrial_moveit,/home/ivano/Documents/ROS_CMU/October_2020_repos/cloned_repos/ros-industrial_____industrial_moveit,./cloned_repos/ros-industrial_____industrial_moveit,github
ros-industrial/kuka_experimental,/home/ivano/Documents/ROS_CMU/October_2020_repos/cloned_repos/ros-industrial_____kuka_experimental,./cloned_repos/ros-industrial_____kuka_experimental,github
ros-industrial/motoman,/home/ivano/Documents/ROS_CMU/October_2020_repos/cloned_repos/ros-industrial_____motoman,./cloned_repos/ros-industrial_____motoman,github
ros-industrial/staubli_experimental,/home/ivano/Documents/ROS_CMU/October_2020_repos/cloned_repos/ros-industrial_____staubli_experimental,./cloned_repos/ros-industrial_____staubli_experimental,github
ros-industrial/universal_robot,/home/ivano/Documents/ROS_CMU/October_2020_repos/cloned_repos/ros-industrial_____universal_robot,./cloned_repos/ros-industrial_____universal_robot,github
ros-interactive-manipulation/pr2_object_manipulation,/home/ivano/Documents/ROS_CMU/October_2020_repos/cloned_repos/ros-interactive-manipulation_____pr2_object_manipulation,./cloned_repos/ros-interactive-manipulation_____pr2_object_manipulation,github
ros-naoqi/naoqi_bridge,/home/ivano/Documents/ROS_CMU/October_2020_repos/cloned_repos/ros-naoqi_____naoqi_bridge,./cloned_repos/ros-naoqi_____naoqi_bridge,github
ros-perception/image_common,/home/ivano/Documents/ROS_CMU/October_2020_repos/cloned_repos/ros-perception_____image_common,./cloned_repos/ros-perception_____image_common,github
ros-perception/slam_gmapping,/home/ivano/Documents/ROS_CMU/October_2020_repos/cloned_repos/ros-perception_____slam_gmapping,./cloned_repos/ros-perception_____slam_gmapping,github
ros-planning/moveit_pr2,/home/ivano/Documents/ROS_CMU/October_2020_repos/cloned_repos/ros-planning_____moveit_pr2,./cloned_repos/ros-planning_____moveit_pr2,github
ros-planning/navigation_experimental,/home/ivano/Documents/ROS_CMU/October_2020_repos/cloned_repos/ros-planning_____navigation_experimental,./cloned_repos/ros-planning_____navigation_experimental,github
ros/bond_core,/home/ivano/Documents/ROS_CMU/October_2020_repos/cloned_repos/ros_____bond_core,./cloned_repos/ros_____bond_core,github
ros/diagnostics,/home/ivano/Documents/ROS_CMU/October_2020_repos/cloned_repos/ros_____diagnostics,./cloned_repos/ros_____diagnostics,github
ros/dynamic_reconfigure,/home/ivano/Documents/ROS_CMU/October_2020_repos/cloned_repos/ros_____dynamic_reconfigure,./cloned_repos/ros_____dynamic_reconfigure,github
ros/executive_smach,/home/ivano/Documents/ROS_CMU/October_2020_repos/cloned_repos/ros_____executive_smach,./cloned_repos/ros_____executive_smach,github
ros/nodelet_core,/home/ivano/Documents/ROS_CMU/October_2020_repos/cloned_repos/ros_____nodelet_core,./cloned_repos/ros_____nodelet_core,github
rosjava/android_core,/home/ivano/Documents/ROS_CMU/October_2020_repos/cloned_repos/rosjava_____android_core,./cloned_repos/rosjava_____android_core,github
rospilot/rospilot,/home/ivano/Documents/ROS_CMU/October_2020_repos/cloned_repos/rospilot_____rospilot,./cloned_repos/rospilot_____rospilot,github
rst-tu-dortmund/pxpincher_ros,/home/ivano/Documents/ROS_CMU/October_2020_repos/cloned_repos/rst-tu-dortmund_____pxpincher_ros,./cloned_repos/rst-tu-dortmund_____pxpincher_ros,github
rt-net/crane_x7_ros,/home/ivano/Documents/ROS_CMU/October_2020_repos/cloned_repos/rt-net_____crane_x7_ros,./cloned_repos/rt-net_____crane_x7_ros,github
sbrodeur/ros-icreate-bbb,/home/ivano/Documents/ROS_CMU/October_2020_repos/cloned_repos/sbrodeur_____ros-icreate-bbb,./cloned_repos/sbrodeur_____ros-icreate-bbb,github
ScazLab/baxter_tictactoe,/home/ivano/Documents/ROS_CMU/October_2020_repos/cloned_repos/ScazLab_____baxter_tictactoe,./cloned_repos/ScazLab_____baxter_tictactoe,github
ScazLab/ros_speech2text,/home/ivano/Documents/ROS_CMU/October_2020_repos/cloned_repos/ScazLab_____ros_speech2text,./cloned_repos/ScazLab_____ros_speech2text,github
seed-solutions/aero-ros-pkg,/home/ivano/Documents/ROS_CMU/October_2020_repos/cloned_repos/seed-solutions_____aero-ros-pkg,./cloned_repos/seed-solutions_____aero-ros-pkg,github
shadow-robot/sr-teleop,/home/ivano/Documents/ROS_CMU/October_2020_repos/cloned_repos/shadow-robot_____sr-teleop,./cloned_repos/shadow-robot_____sr-teleop,github
sigproc/qbo_sigproc,/home/ivano/Documents/ROS_CMU/October_2020_repos/cloned_repos/sigproc_____qbo_sigproc,./cloned_repos/sigproc_____qbo_sigproc,github
simlabrobotics/allegro_hand_ros,/home/ivano/Documents/ROS_CMU/October_2020_repos/cloned_repos/simlabrobotics_____allegro_hand_ros,./cloned_repos/simlabrobotics_____allegro_hand_ros,github
sjtu-automatic-maritime-system/Sailboat-Ros,/home/ivano/Documents/ROS_CMU/October_2020_repos/cloned_repos/sjtu-automatic-maritime-system_____Sailboat-Ros,./cloned_repos/sjtu-automatic-maritime-system_____Sailboat-Ros,github
skasperski/navigation_2d,/home/ivano/Documents/ROS_CMU/October_2020_repos/cloned_repos/skasperski_____navigation_2d,./cloned_repos/skasperski_____navigation_2d,github
sonia-auv/proc_image_processing,/home/ivano/Documents/ROS_CMU/October_2020_repos/cloned_repos/sonia-auv_____proc_image_processing,./cloned_repos/sonia-auv_____proc_image_processing,github
sourishg/jackal-navigation,/home/ivano/Documents/ROS_CMU/October_2020_repos/cloned_repos/sourishg_____jackal-navigation,./cloned_repos/sourishg_____jackal-navigation,github
Soy-Robotics/roch,/home/ivano/Documents/ROS_CMU/October_2020_repos/cloned_repos/Soy-Robotics_____roch,./cloned_repos/Soy-Robotics_____roch,github
sterlingm/ramp,/home/ivano/Documents/ROS_CMU/October_2020_repos/cloned_repos/sterlingm_____ramp,./cloned_repos/sterlingm_____ramp,github
super-owesome/bobble_controllers,/home/ivano/Documents/ROS_CMU/October_2020_repos/cloned_repos/super-owesome_____bobble_controllers,./cloned_repos/super-owesome_____bobble_controllers,github
Texas-Aerial-Robotics/Controls-ROS,/home/ivano/Documents/ROS_CMU/October_2020_repos/cloned_repos/Texas-Aerial-Robotics_____Controls-ROS,./cloned_repos/Texas-Aerial-Robotics_____Controls-ROS,github
theconstructcore/people,/home/ivano/Documents/ROS_CMU/October_2020_repos/cloned_repos/theconstructcore_____people,./cloned_repos/theconstructcore_____people,bitbucket
tork-a/jog_control,/home/ivano/Documents/ROS_CMU/October_2020_repos/cloned_repos/tork-a_____jog_control,./cloned_repos/tork-a_____jog_control,github
tork-a/roswww,/home/ivano/Documents/ROS_CMU/October_2020_repos/cloned_repos/tork-a_____roswww,./cloned_repos/tork-a_____roswww,github
tork-a/rtmros_nextage,/home/ivano/Documents/ROS_CMU/October_2020_repos/cloned_repos/tork-a_____rtmros_nextage,./cloned_repos/tork-a_____rtmros_nextage,github
tork-a/spur,/home/ivano/Documents/ROS_CMU/October_2020_repos/cloned_repos/tork-a_____spur,./cloned_repos/tork-a_____spur,github
traclabs/trac_ik,/home/ivano/Documents/ROS_CMU/October_2020_repos/cloned_repos/traclabs_____trac_ik,./cloned_repos/traclabs_____trac_ik,bitbucket
tu-darmstadt-ros-pkg/hector_calibration,/home/ivano/Documents/ROS_CMU/October_2020_repos/cloned_repos/tu-darmstadt-ros-pkg_____hector_calibration,./cloned_repos/tu-darmstadt-ros-pkg_____hector_calibration,github
tu-darmstadt-ros-pkg/hector_localization,/home/ivano/Documents/ROS_CMU/October_2020_repos/cloned_repos/tu-darmstadt-ros-pkg_____hector_localization,./cloned_repos/tu-darmstadt-ros-pkg_____hector_localization,github
tu-darmstadt-ros-pkg/hector_navigation,/home/ivano/Documents/ROS_CMU/October_2020_repos/cloned_repos/tu-darmstadt-ros-pkg_____hector_navigation,./cloned_repos/tu-darmstadt-ros-pkg_____hector_navigation,github
tu-darmstadt-ros-pkg/hector_slam,/home/ivano/Documents/ROS_CMU/October_2020_repos/cloned_repos/tu-darmstadt-ros-pkg_____hector_slam,./cloned_repos/tu-darmstadt-ros-pkg_____hector_slam,github
tu-darmstadt-ros-pkg/hector_vision,/home/ivano/Documents/ROS_CMU/October_2020_repos/cloned_repos/tu-darmstadt-ros-pkg_____hector_vision,./cloned_repos/tu-darmstadt-ros-pkg_____hector_vision,github
tum-phoenix/phx_quadrocopter_ros,/home/ivano/Documents/ROS_CMU/October_2020_repos/cloned_repos/tum-phoenix_____phx_quadrocopter_ros,./cloned_repos/tum-phoenix_____phx_quadrocopter_ros,github
turtlebot/turtlebot,/home/ivano/Documents/ROS_CMU/October_2020_repos/cloned_repos/turtlebot_____turtlebot,./cloned_repos/turtlebot_____turtlebot,github
turtlebot/turtlebot_interactions,/home/ivano/Documents/ROS_CMU/October_2020_repos/cloned_repos/turtlebot_____turtlebot_interactions,./cloned_repos/turtlebot_____turtlebot_interactions,github
tuw-robotics/tuw_marker_detection,/home/ivano/Documents/ROS_CMU/October_2020_repos/cloned_repos/tuw-robotics_____tuw_marker_detection,./cloned_repos/tuw-robotics_____tuw_marker_detection,github
UBC-Snowbots/Snowflake,/home/ivano/Documents/ROS_CMU/October_2020_repos/cloned_repos/UBC-Snowbots_____Snowflake,./cloned_repos/UBC-Snowbots_____Snowflake,github
UBC-Thunderbots/Software,/home/ivano/Documents/ROS_CMU/October_2020_repos/cloned_repos/UBC-Thunderbots_____Software,./cloned_repos/UBC-Thunderbots_____Software,github
UbiquityRobotics/fiducials,/home/ivano/Documents/ROS_CMU/October_2020_repos/cloned_repos/UbiquityRobotics_____fiducials,./cloned_repos/UbiquityRobotics_____fiducials,github
UbiquityRobotics/magni_robot,/home/ivano/Documents/ROS_CMU/October_2020_repos/cloned_repos/UbiquityRobotics_____magni_robot,./cloned_repos/UbiquityRobotics_____magni_robot,github
UbiquityRobotics/ubiquity_launches,/home/ivano/Documents/ROS_CMU/October_2020_repos/cloned_repos/UbiquityRobotics_____ubiquity_launches,./cloned_repos/UbiquityRobotics_____ubiquity_launches,github
uf-mil-archive/PropaGator,/home/ivano/Documents/ROS_CMU/October_2020_repos/cloned_repos/uf-mil-archive_____PropaGator,./cloned_repos/uf-mil-archive_____PropaGator,github
uf-mil/mil_common,/home/ivano/Documents/ROS_CMU/October_2020_repos/cloned_repos/uf-mil_____mil_common,./cloned_repos/uf-mil_____mil_common,github
uos/calvin_robot,/home/ivano/Documents/ROS_CMU/October_2020_repos/cloned_repos/uos_____calvin_robot,./cloned_repos/uos_____calvin_robot,github
utexas-bwi/bwi,/home/ivano/Documents/ROS_CMU/October_2020_repos/cloned_repos/utexas-bwi_____bwi,./cloned_repos/utexas-bwi_____bwi,github
utexas-bwi/bwi_common,/home/ivano/Documents/ROS_CMU/October_2020_repos/cloned_repos/utexas-bwi_____bwi_common,./cloned_repos/utexas-bwi_____bwi_common,github
utexas-bwi/segbot,/home/ivano/Documents/ROS_CMU/October_2020_repos/cloned_repos/utexas-bwi_____segbot,./cloned_repos/utexas-bwi_____segbot,github
UTNuclearRoboticsPublic/jog_arm,/home/ivano/Documents/ROS_CMU/October_2020_repos/cloned_repos/UTNuclearRoboticsPublic_____jog_arm,./cloned_repos/UTNuclearRoboticsPublic_____jog_arm,github
uu-isrc-robotics/uu-isrc-robotics-pr2-pkgs,/home/ivano/Documents/ROS_CMU/October_2020_repos/cloned_repos/uu-isrc-robotics_____uu-isrc-robotics-pr2-pkgs,./cloned_repos/uu-isrc-robotics_____uu-isrc-robotics-pr2-pkgs,github
uwreact/frc_control,/home/ivano/Documents/ROS_CMU/October_2020_repos/cloned_repos/uwreact_____frc_control,./cloned_repos/uwreact_____frc_control,github
vortexntnu/rov-control,/home/ivano/Documents/ROS_CMU/October_2020_repos/cloned_repos/vortexntnu_____rov-control,./cloned_repos/vortexntnu_____rov-control,github
warp1337/opencv_facerecognizer,/home/ivano/Documents/ROS_CMU/October_2020_repos/cloned_repos/warp1337_____opencv_facerecognizer,./cloned_repos/warp1337_____opencv_facerecognizer,github
wg-perception/object_recognition_ros,/home/ivano/Documents/ROS_CMU/October_2020_repos/cloned_repos/wg-perception_____object_recognition_ros,./cloned_repos/wg-perception_____object_recognition_ros,github
wg-perception/people,/home/ivano/Documents/ROS_CMU/October_2020_repos/cloned_repos/wg-perception_____people,./cloned_repos/wg-perception_____people,github
whoidsl/ds_base,/home/ivano/Documents/ROS_CMU/October_2020_repos/cloned_repos/whoidsl_____ds_base,./cloned_repos/whoidsl_____ds_base,bitbucket
whoidsl/ds_nav,/home/ivano/Documents/ROS_CMU/October_2020_repos/cloned_repos/whoidsl_____ds_nav,./cloned_repos/whoidsl_____ds_nav,bitbucket
whoidsl/ds_sensors,/home/ivano/Documents/ROS_CMU/October_2020_repos/cloned_repos/whoidsl_____ds_sensors,./cloned_repos/whoidsl_____ds_sensors,bitbucket
xaxxontech/oculusprime_ros,/home/ivano/Documents/ROS_CMU/October_2020_repos/cloned_repos/xaxxontech_____oculusprime_ros,./cloned_repos/xaxxontech_____oculusprime_ros,github
yijiangh/choreo,/home/ivano/Documents/ROS_CMU/October_2020_repos/cloned_repos/yijiangh_____choreo,./cloned_repos/yijiangh_____choreo,github
youbot/youbot-ros-pkg,/home/ivano/Documents/ROS_CMU/October_2020_repos/cloned_repos/youbot_____youbot-ros-pkg,./cloned_repos/youbot_____youbot-ros-pkg,github
yujinrobot/kobuki,/home/ivano/Documents/ROS_CMU/October_2020_repos/cloned_repos/yujinrobot_____kobuki,./cloned_repos/yujinrobot_____kobuki,github
yujinrobot/yujin_ocs,/home/ivano/Documents/ROS_CMU/October_2020_repos/cloned_repos/yujinrobot_____yujin_ocs,./cloned_repos/yujinrobot_____yujin_ocs,github